Station,Station code,Location,State or province,Route
Aberdeen,ABE,Aberdeen,MD,Northeast Regional
Albany,ALY,Albany,OR,"Amtrak Cascades
  Coast Starlight"
Albany–Rensselaer,ALB,Rensselaer,NY,"Adirondack
  Empire Service
  Ethan Allen Express
  Lake Shore Limited
  Maple Leaf"
Albion,ALI,Albion,MI,Wolverine
Albuquerque,ABQ,Albuquerque,NM,Southwest Chief
Aldershot,AST,Aldershot,ON,Maple Leaf
Alderson,ALD,Alderson,WV,Cardinal
Alexandria,ALX,Alexandria,VA,"Cardinal
  Carolinian
  Crescent
  Northeast Regional
  Palmetto
  Silver Meteor
  Silver Star"
Allensworth State Park,CNL,Allensworth,CA,San Joaquins
Alliance,ALC,Alliance,OH,Capitol Limited
Alpine,ALP,Alpine,TX,"Sunset Limited
  Texas Eagle"
Alton,ALN,Alton,IL,"Lincoln Service
  Texas Eagle"
Altoona ,ALT,Altoona,PA,Pennsylvanian
Amsterdam,AMS,Amsterdam,NY,"Empire Service
  Maple Leaf"
Anaheim,ANA,Anaheim,CA,Pacific Surfliner
Ann Arbor ,ARB,Ann Arbor,MI,Wolverine
Anniston,ATN,Anniston,AL,Crescent
Antioch–Pittsburg,ACA,Antioch,CA,San Joaquins
Arcadia Valley,ACD,Ironton,MO,Texas Eagle
Ardmore,ADM,Ardmore,OK,Heartland Flyer
Ardmore,ARD,Ardmore,PA,Keystone Service
Arkadelphia,ARK,Arkadelphia,AR,Texas Eagle
Ashland,AKY,Ashland,KY,Cardinal
Ashland,ASD,Ashland,VA,Northeast Regional
Atlanta Peachtree,ATL,Atlanta,GA,Crescent
Auburn ,ARN,Auburn,CA,Capitol Corridor
Austin,AUS,Austin,TX,Texas Eagle
Bakersfield,BFD,Bakersfield,CA,San Joaquins
Baltimore Penn,BAL,Baltimore,MD,"Acela
  Cardinal
  Carolinian
  Crescent
  Northeast Regional
  Palmetto
  Silver Meteor
  Silver Star
  Vermonter"
Bangor,BAM,Bangor,MI,Pere Marquette
Barstow ,BAR,Barstow,CA,Southwest Chief
Battle Creek,BTL,Battle Creek,MI,"Blue Water
  Wolverine"
Beaumont,BMT,Beaumont,TX,Sunset Limited
Bellingham Fairhaven,BEL,Bellingham,WA,Amtrak Cascades
Bellows Falls,BLF,Bellows Falls,VT,Vermonter
Benson,BEN,Benson,AZ,"Sunset Limited
  Texas Eagle"
Berkeley,BKY,Berkeley,CA,Capitol Corridor
Berlin,BER,Berlin,CT,"Hartford Line
  Northeast Regional
  Valley Flyer
  Vermonter"
Bingen–White Salmon,BNG,Bingen,WA,Empire Builder
Birmingham,BHM,Birmingham,AL,Crescent
Bloomington–Normal ,BNL,Normal,IL,"Lincoln Service
  Texas Eagle"
Boston Back Bay,BBY,Boston,MA,"Acela
  Lake Shore Limited
  Northeast Regional"
Boston North,BON,Boston,MA,Downeaster
Boston South ,BOS,Boston,MA,"Acela
  Lake Shore Limited
  Northeast Regional"
Brattleboro,BRA,Brattleboro,VT,Vermonter
Bridgeport,BRP,Bridgeport,CT,"Northeast Regional
  Vermonter"
Brookhaven,BRH,Brookhaven,MS,City of New Orleans
Browning,BRO,Browning,MT,Empire Builder
Brunswick,BRK,Brunswick,ME,Downeaster
Bryan,BYN,Bryan,OH,Lake Shore Limited
Buffalo–Depew,BUF,Depew,NY,"Empire Service
  Lake Shore Limited
  Maple Leaf"
Buffalo–Exchange Street,BFX,Buffalo,NY,"Empire Service
  Maple Leaf"
Burbank Airport ,BUR,Burbank,CA,"Coast Starlight
  Pacific Surfliner"
Burke Centre,BCV,Burke,VA,Northeast Regional
Burlington,BRL,Burlington,IA,California Zephyr
Burlington,BNC,Burlington,NC,"Carolinian
  Piedmont"
BWI Thurgood Marshall Airport ,BWI,Linthicum,MD,"Acela
  Northeast Regional
  Palmetto
  Vermonter"
Camarillo,CML,Camarillo,CA,Pacific Surfliner
Camden,CAM,Camden,SC,Silver Star
Carbondale ,CDL,Carbondale,IL,"City of New Orleans
  Illini and Saluki"
Carlinville,CRV,Carlinville,IL,"Lincoln Service
  Texas Eagle"
Carpinteria ,CPN,Carpinteria,CA,Pacific Surfliner
Cary,CYN,Cary,NC,"Carolinian
  Piedmont
  Silver Star"
Castleton,CNV,Castleton,VT,Ethan Allen Express
Centralia,CEN,Centralia,IL,"City of New Orleans
  Illini and Saluki"
Centralia,CTL,Centralia,WA,"Amtrak Cascades
  Coast Starlight"
Champaign–Urbana ,CHM,Champaign,IL,"City of New Orleans
  Illini and Saluki"
Charleston,CHS,North Charleston,SC,"Palmetto
  Silver Meteor"
Charleston,CHW,Charleston,WV,Cardinal
Charlotte,CLT,Charlotte,NC,"Carolinian
  Crescent
  Piedmont"
Charlottesville ,CVS,Charlottesville,VA,"Cardinal
  Crescent
  Northeast Regional"
Chatsworth,CWT,Chatsworth,CA,Pacific Surfliner
Chemult,CMO,Chemult,OR,Coast Starlight
Chicago Union,CHI,Chicago,IL,"Blue Water
  California Zephyr
  Capitol Limited
  Cardinal
  City of New Orleans
  Empire Builder
  Hiawatha Service
  Illini and Saluki
  Illinois Zephyr and Carl Sandburg
  Lake Shore Limited
  Lincoln Service
  Pere Marquette
  Southwest Chief
  Texas Eagle
  Wolverine"
Chico ,CIC,Chico,CA,Coast Starlight
Cincinnati,CIN,Cincinnati,OH,Cardinal
Claremont,CLA,Claremont,NH,Vermonter
Cleburne,CBR,Cleburne,TX,Texas Eagle
Clemson,CSN,Clemson,SC,Crescent
Cleveland,CLE,Cleveland,OH,"Capitol Limited
  Lake Shore Limited"
Clifton Forge,CLF,Clifton Forge,VA,Cardinal
Coatesville,COT,Coatesville,PA,Keystone Service
Colfax,COX,Colfax,CA,California Zephyr
Columbia,CLB,Columbia,SC,Silver Star
Columbus,CBS,Columbus,WI,Empire Builder
Connellsville,COV,Connellsville,PA,Capitol Limited
Connersville,COI,Connersville,IN,Cardinal
Corcoran,COC,Corcoran,CA,San Joaquins
Cornwells Heights,CWH,Cornwells Heights,PA,"Keystone Service
  Northeast Regional"
Crawfordsville,CRF,Crawfordsville,IN,Cardinal
Creston,CRN,Creston,IA,California Zephyr
Croton–Harmon,CRT,Croton-on-Hudson,NY,"Adirondack
  Empire Service
  Ethan Allen Express
  Lake Shore Limited
  Maple Leaf"
Culpeper,CLP,Culpeper,VA,"Cardinal
  Crescent
  Northeast Regional"
Cumberland,CUM,Cumberland,MD,Capitol Limited
Cut Bank,CUT,Cut Bank,MT,Empire Builder
Dallas,DAL,Dallas,TX,Texas Eagle
Danville,DAN,Danville,VA,Crescent
Davis,DAV,Davis,CA,"California Zephyr
  Capitol Corridor
  Coast Starlight"
Dearborn ,DER,Dearborn,MI,Wolverine
Deerfield Beach,DFB,Deerfield Beach,FL,"Silver Meteor
  Silver Star"
Del Rio,DRT,Del Rio,TX,"Sunset Limited
  Texas Eagle"
DeLand,DLD,DeLand,FL,"Silver Meteor
  Silver Star"
Delray Beach,DLB,Delray Beach,FL,"Silver Meteor
  Silver Star"
Deming,DEM,Deming,NM,"Sunset Limited
  Texas Eagle"
Denmark,DNK,Denmark,SC,Silver Star
Denver,DEN,Denver,CO,"California Zephyr
  Winter Park Express"
Detroit ,DET,Detroit,MI,Wolverine
Detroit Lakes,DLK,Detroit Lakes,MN,Empire Builder
Devils Lake,DVL,Devils Lake,ND,Empire Builder
Dillon,DIL,Dillon,SC,Palmetto
Dodge City,DDG,Dodge City,KS,Southwest Chief
Dover,DOV,Dover,NH,Downeaster
Dowagiac,DOA,Dowagiac,MI,"Blue Water
  Wolverine"
Downingtown,DOW,Downingtown,PA,Keystone Service
Du Quoin,DQN,Du Quoin,IL,Illini and Saluki
Dunsmuir,DUN,Dunsmuir,CA,Coast Starlight
Durand,DRD,Durand,MI,Blue Water
Durham,DNC,Durham,NC,"Carolinian
  Piedmont"
Durham–UNH,DHM,Durham,NH,Downeaster
Dwight,DWT,Dwight,IL,Lincoln Service
Dyer,DYE,Dyer,IN,Cardinal
East Glacier Park,GPK,East Glacier Park,MT,Empire Builder
East Lansing ,LNS,East Lansing,MI,Blue Water
Edmonds,EDM,Edmonds,WA,"Amtrak Cascades
  Empire Builder"
Effingham,EFG,Effingham,IL,"City of New Orleans
  Illini and Saluki"
El Paso,ELP,El Paso,TX,"Sunset Limited
  Texas Eagle"
Elkhart,EKH,Elkhart,IN,"Capitol Limited
  Lake Shore Limited"
Elizabethtown,ELT,Elizabethtown,PA,"Keystone Service
  Pennsylvanian"
Elko,ELK,Elko,NV,California Zephyr
Elyria,ELY,Elyria,OH,"Capitol Limited
  Lake Shore Limited"
Emeryville ,EMY,Emeryville,CA,"California Zephyr
  Capitol Corridor
  Coast Starlight
  San Joaquins"
Ephrata ,EPH,Ephrata,WA,Empire Builder
Erie,ERI,Erie,PA,Lake Shore Limited
Essex,ESM,Essex,MT,Empire Builder
Essex Junction,ESX,Essex Junction,VT,Vermonter
Eugene–Springfield ,EUG,Eugene,OR,"Amtrak Cascades
  Coast Starlight"
Everett ,EVR,Everett,WA,"Amtrak Cascades
  Empire Builder"
Exeter,EXR,Exeter,NH,Downeaster
Exton,EXT,Exton,PA,"Keystone Service
  Pennsylvanian"
Fairfield–Vacaville,FFV,Fairfield,CA,Capitol Corridor
Fargo,FAR,Fargo,ND,Empire Builder
Fayetteville,FAY,Fayetteville,NC,"Palmetto
  Silver Meteor"
Flagstaff,FLG,Flagstaff,AZ,Southwest Chief
Flint,FLN,Flint,MI,Blue Water
Florence,FLO,Florence,SC,"Palmetto
  Silver Meteor"
Fort Edward,FED,Fort Edward,NY,"Adirondack
  Ethan Allen Express"
Fort Lauderdale,FTL,Fort Lauderdale,FL,"Silver Meteor
  Silver Star"
Fort Madison,FMD,Fort Madison,IA,Southwest Chief
Fort Morgan,FMG,Fort Morgan,CO,California Zephyr
Fort Worth,FTW,Fort Worth,TX,"Heartland Flyer
  Texas Eagle"
Framingham,FRA,Framingham,MA,Lake Shore Limited
Fraser–Winter Park,WIP,Fraser,CO,California Zephyr
Fredericksburg,FBG,Fredericksburg,VA,"Carolinian
  Northeast Regional
  Silver Meteor"
Freeport,FRE,Freeport,ME,Downeaster
Fremont,FMT,Fremont,CA,Capitol Corridor
Fresno,FNO,Fresno,CA,San Joaquins
Fullerton,FUL,Fullerton,CA,"Pacific Surfliner
  Southwest Chief"
Fulton,FTN,Fulton,KY,City of New Orleans
Gainesville,GNS,Gainesville,GA,Crescent
Gainesville,GLE,Gainesville,TX,Heartland Flyer
Galesburg ,GBB,Galesburg,IL,"California Zephyr
  Illinois Zephyr and Carl Sandburg
  Southwest Chief"
Gallup,GLP,Gallup,NM,Southwest Chief
Garden City,GCK,Garden City,KS,Southwest Chief
Gastonia,GAS,Gastonia,NC,Crescent
Gilman,GLM,Gilman,IL,Illini and Saluki
Glasgow,GGW,Glasgow,MT,Empire Builder
Glendale,GDL,Glendale,CA,Pacific Surfliner
Glenview,GLN,Glenview,IL,"Empire Builder
  Hiawatha Service"
Glenwood Springs,GSC,Glenwood Springs,CO,California Zephyr
Goleta,GTA,Goleta,CA,Pacific Surfliner
Granby,GRA,Granby,CO,California Zephyr
Grand Forks,GFK,Grand Forks,ND,Empire Builder
Grand Junction,GJT,Grand Junction,CO,California Zephyr
Grand Rapids ,GRR,Grand Rapids,MI,Pere Marquette
Green River,GRI,Green River,UT,California Zephyr
Greenfield,GFD,Greenfield,MA,"Valley Flyer
  Vermonter"
Greensboro,GRO,Greensboro,NC,"Carolinian
  Crescent
  Piedmont"
Greensburg,GNB,Greensburg,PA,Pennsylvanian
Greenville,GRV,Greenville,SC,Crescent
Greenwood,GWD,Greenwood,MS,City of New Orleans
Grimsby,GMS,Grimsby,ON,Maple Leaf
Grover Beach,GVB,Grover Beach,CA,Pacific Surfliner
Guadalupe,GUA,Guadalupe,CA,Pacific Surfliner
Hamlet,HAM,Hamlet,NC,Silver Star
Hammond,HMD,Hammond,LA,City of New Orleans
Hammond/Whiting,HMI,Hammond,IN,Wolverine
Hanford,HNF,Hanford,CA,San Joaquins
Harpers Ferry,HFY,Harpers Ferry,WV,Capitol Limited
Harrisburg,HAR,Harrisburg,PA,"Keystone Service
  Pennsylvanian"
Hartford,HFD,Hartford,CT,"Hartford Line
  Northeast Regional
  Valley Flyer
  Vermonter"
Hastings,HAS,Hastings,NE,California Zephyr
Hattiesburg,HBG,Hattiesburg,MS,Crescent
Haverhill,HHL,Haverhill,MA,Downeaster
Havre,HAV,Havre,MT,Empire Builder
Hayward,HAY,Hayward,CA,Capitol Corridor
Hazlehurst,HAZ,Hazlehurst,MS,City of New Orleans
Helper,HER,Helper,UT,California Zephyr
Hermann,HEM,Hermann,MO,Missouri River Runner
High Point,HPT,High Point,NC,"Carolinian
  Crescent
  Piedmont"
Hinton,HIN,Hinton,WV,Cardinal
Holdrege,HLD,Holdrege,NE,California Zephyr
Holland,HOM,Holland,MI,Pere Marquette
Hollywood,HOL,Hollywood,FL,"Silver Meteor
  Silver Star"
Holyoke,HLK,Holyoke,MA,"Valley Flyer
  Vermonter"
Homewood,HMW,Homewood,IL,"City of New Orleans
  Illini and Saluki"
Hope,HOP,Hope,AR,Texas Eagle
Houston ,HOS,Houston,TX,Sunset Limited
Hudson,HUD,Hudson,NY,"Adirondack
  Empire Service
  Ethan Allen Express
  Lake Shore Limited
  Maple Leaf"
Huntingdon,HGD,Huntingdon,PA,Pennsylvanian
Huntington,HUN,Huntington,WV,Cardinal
Hutchinson,HUT,Hutchinson,KS,Southwest Chief
Independence,IDP,Independence,MO,Missouri River Runner
Indianapolis ,IND,Indianapolis,IN,Cardinal
Irvine,IRV,Irvine,CA,Pacific Surfliner
Jackson ,JXN,Jackson,MI,Wolverine
Jackson ,JAN,Jackson,MS,City of New Orleans
Jacksonville,JAX,Jacksonville,FL,"Silver Meteor
  Silver Star"
Jefferson City,JEF,Jefferson City,MO,Missouri River Runner
Jesup,JSP,Jesup,GA,Silver Meteor
Johnstown ,JST,Johnstown,PA,Pennsylvanian
Joliet,JOL,Joliet,IL,"Lincoln Service
  Texas Eagle"
Kalamazoo,KAL,Kalamazoo,MI,"Blue Water
  Wolverine"
Kankakee,KKI,Kankakee,IL,"City of New Orleans
  Illini and Saluki"
Kannapolis,KAN,Kannapolis,NC,"Carolinian
  Piedmont"
Kansas City,KCY,Kansas City,MO,"Missouri River Runner
  Southwest Chief"
Kelso,KEL,Kelso,WA,"Amtrak Cascades
  Coast Starlight"
Kewanee,KEE,Kewanee,IL,Illinois Zephyr and Carl Sandburg
Kingman,KNG,Kingman,AZ,Southwest Chief
Kingston,KIN,Kingston,RI,Northeast Regional
Kingstree,KTR,Kingstree,SC,"Palmetto
  Silver Meteor"
Kirkwood,KWD,Kirkwood,MO,Missouri River Runner
Kissimmee,KIS,Kissimmee,FL,"Silver Meteor
  Silver Star"
Klamath Falls,KFS,Klamath Falls,OR,Coast Starlight
La Crosse ,LSE,La Crosse,WI,Empire Builder
La Grange Road,LAG,La Grange,IL,Illinois Zephyr and Carl Sandburg
La Junta,LAJ,La Junta,CO,Southwest Chief
La Plata,LAP,La Plata,MO,Southwest Chief
Lafayette ,LAF,Lafayette,IN,Cardinal
Lafayette,LFT,Lafayette,LA,Sunset Limited
Lake Charles,LCH,Lake Charles,LA,Sunset Limited
Lakeland,LAK/LKL,Lakeland,FL,Silver Star
Lamar,LMR,Lamar,CO,Southwest Chief
Lamy,LMY,Lamy,NM,Southwest Chief
Lancaster,LNC,Lancaster,PA,"Keystone Service
  Pennsylvanian"
Lapeer,LPE,Lapeer,MI,Blue Water
Las Vegas,LSV,Las Vegas,NM,Southwest Chief
Latrobe,LAB,Latrobe,PA,Pennsylvanian
Laurel,LAU,Laurel,MS,Crescent
Lawrence,LRC,Lawrence,KS,Southwest Chief
Leavenworth ,LWA,Leavenworth,WA,Empire Builder
Lee's Summit,LEE,Lee's Summit,MO,Missouri River Runner
Lewistown,LEW,Lewistown,PA,Pennsylvanian
Lexington,LEX,Lexington,NC,"Carolinian
  Piedmont"
Libby,LIB,Libby,MT,Empire Builder
Lincoln,LCN,Lincoln,IL,"Lincoln Service
  Texas Eagle"
Lincoln,LNK,Lincoln,NE,California Zephyr
Little Rock,LRK,Little Rock,AR,Texas Eagle
Lodi ,LOD,Lodi,CA,San Joaquins
Lompoc–Surf,LPS,Surf,CA,Pacific Surfliner
Longview,LVW,Longview,TX,Texas Eagle
Lordsburg,LDB,Lordsburg,NM,"Sunset Limited
  Texas Eagle"
Lorton,LOR,Lorton,VA,Auto Train
Los Angeles Union,LAX,Los Angeles,CA,"Coast Starlight
  Pacific Surfliner
  Southwest Chief
  Sunset Limited
  Texas Eagle"
Lynchburg–Kemper Street,LYH,Lynchburg,VA,"Crescent
  Northeast Regional"
Macomb,MAC,Macomb,IL,Illinois Zephyr and Carl Sandburg
Madera,MAD,Madera,CA,San Joaquins
Malta,MAL,Malta,MT,Empire Builder
Malvern,MVN,Malvern,AR,Texas Eagle
Manassas,MSS,Manassas,VA,"Cardinal
  Crescent
  Northeast Regional"
Maricopa,MRC,Maricopa,AZ,"Sunset Limited
  Texas Eagle"
Marks,MKS,Marks,MS,City of New Orleans
Marshall,MHL,Marshall,TX,Texas Eagle
Martinez,MTZ,Martinez,CA,"California Zephyr
  Capitol Corridor
  Coast Starlight
  San Joaquins"
Martinsburg,MRB,Martinsburg,WV,Capitol Limited
Mattoon,MAT,Mattoon,IL,"City of New Orleans
  Illini and Saluki"
Maysville,MAY,Maysville,KY,Cardinal
McComb,MCB,McComb,MS,City of New Orleans
McCook,MCK,McCook,NE,California Zephyr
McGregor,MCG,McGregor,TX,Texas Eagle
Memphis Central,MEM,Memphis,TN,City of New Orleans
Mendota,MDT,Mendota,IL,"Illinois Zephyr and Carl Sandburg
  Southwest Chief"
Merced,MCD,Merced,CA,San Joaquins
Meriden,MDN,Meriden,CT,"Hartford Line
  Northeast Regional
  Valley Flyer
  Vermonter"
Meridian ,MEI,Meridian,MS,Crescent
Metropark,MET,Iselin,NJ,"Acela
  Keystone Service
  Northeast Regional
  Palmetto
  Vermonter"
Miami,MIA,Miami,FL,"Silver Meteor
  Silver Star"
Middletown,MID,Middletown,PA,Keystone Service
Milwaukee ,MKE,Milwaukee,WI,"Empire Builder
  Hiawatha Service"
Milwaukee Airport,MKA,Milwaukee,WI,Hiawatha Service
Mineola,MIN,Mineola,TX,Texas Eagle
Minot,MOT,Minot,ND,Empire Builder
Modesto,MOD,Modesto,CA,San Joaquins
Montgomery,MNG,Montgomery,WV,Cardinal
Montpelier,MPR,Montpelier,VT,Vermonter
Montreal,MTR,Montreal,QC,Adirondack
Moorpark,MPK,Moorpark,CA,Pacific Surfliner
Mount Joy,MJY,Mount Joy,PA,Keystone Service
Mount Pleasant,MTP,Mount Pleasant,IA,California Zephyr
Mount Vernon ,MVW,Mount Vernon,WA,Amtrak Cascades
Mystic,MYS,Mystic,CT,Northeast Regional
Naperville,NPV,Naperville,IL,"California Zephyr
  Illinois Zephyr and Carl Sandburg
  Southwest Chief"
Needles,NDL,Needles,CA,Southwest Chief
New Brunswick,NBK,New Brunswick,NJ,"Keystone Service
  Northeast Regional
  Palmetto"
New Buffalo,NBU,New Buffalo,MI,"Blue Water
  Wolverine"
New Carrollton,NCR,New Carrollton,MD,"Northeast Regional
  Palmetto
  Vermonter"
New Haven Union,NHV,New Haven,CT,"Acela
  Hartford Line
  Northeast Regional
  Valley Flyer
  Vermonter"
New Haven State Street,STS,New Haven,CT,"Hartford Line
  Northeast Regional
  Valley Flyer"
New Iberia,NIB,New Iberia,LA,Sunset Limited
New London ,NLC,New London,CT,"Acela
  Northeast Regional"
New Orleans,NOL,New Orleans,LA,"City of New Orleans
  Crescent
  Sunset Limited"
New Rochelle,NRO,New Rochelle,NY,Northeast Regional
New York Penn,NYP,New York,NY,"Acela
  Adirondack
  Cardinal
  Carolinian
  Crescent
  Empire Service
  Ethan Allen Express
  Keystone Service
  Lake Shore Limited
  Maple Leaf
  Northeast Regional
  Pennsylvanian
  Palmetto
  Silver Meteor
  Silver Star
  Vermonter"
New York State Fair,NYF,Syracuse,NY,"Empire Service
  Maple Leaf"
Newark,NRK,Newark,DE,Northeast Regional
Newark Liberty International Airport,EWR,Newark,NJ,"Keystone Service
  Northeast Regional"
Newark Penn,NWK,Newark,NJ,"Acela
  Cardinal
  Carolinian
  Crescent
  Keystone Service
  Northeast Regional
  Pennsylvanian
  Palmetto
  Silver Meteor
  Silver Star
  Vermonter"
Newbern–Dyersburg,NBN,Newbern,TN,City of New Orleans
Newport News ,NPN,Newport News,VA,Northeast Regional
Newton ,NEW,Newton,KS,Southwest Chief
Niagara Falls,NFL,Niagara Falls,NY,"Empire Service
  Maple Leaf"
Niagara Falls,NFS,Niagara Falls,ON,Maple Leaf
Niles,NLS,Niles,MI,"Blue Water
  Wolverine"
Norfolk ,NFK,Norfolk,VA,Northeast Regional
Norman,NOR,Norman,OK,Heartland Flyer
North Carolina State Fair,NSF,Raleigh,NC,Carolinian
Northampton,NHT,Northampton,MA,"Valley Flyer
  Vermonter"
Oakland Coliseum,OAC,Oakland,CA,Capitol Corridor
Oakland–Jack London Square ,OKJ,Oakland,CA,"Capitol Corridor
  Coast Starlight
  San Joaquins"
Oakville,OKL,Oakville,ON,Maple Leaf
Oceanside,OSD,Oceanside,CA,Pacific Surfliner
Okeechobee,OKE,Okeechobee,FL,Silver Star
Oklahoma City,OKC,Oklahoma City,OK,Heartland Flyer
Old Orchard Beach,ORB,Old Orchard Beach,ME,Downeaster
Old Saybrook,OSB,Old Saybrook,CT,Northeast Regional
Olympia–Lacey,OWL,Lacey,WA,"Amtrak Cascades
  Coast Starlight"
Omaha,OMA,Omaha,NE,California Zephyr
Ontario ,ONA,Ontario,CA,"Sunset Limited
  Texas Eagle"
Oregon City ,ORC,Oregon City,OR,Amtrak Cascades
Orlando ,ORL,Orlando,FL,"Silver Meteor
  Silver Star"
Osceola,OSC,Osceola,IA,California Zephyr
Ottumwa,OTM,Ottumwa,IA,California Zephyr
Oxnard ,OXN,Oxnard,CA,"Coast Starlight
  Pacific Surfliner"
Palatka,PAK,Palatka,FL,"Silver Meteor
  Silver Star"
Palm Springs,PSN,Palm Springs,CA,"Sunset Limited
  Texas Eagle"
Paoli,PAO,Paoli,PA,"Keystone Service
  Pennsylvanian"
Parkesburg,PAR,Parkesburg,PA,Keystone Service
Pasco ,PSC,Pasco,WA,Empire Builder
Paso Robles ,PRB,Paso Robles,CA,Coast Starlight
Petersburg,PTB,Petersburg,VA,"Carolinian
  Northeast Regional
  Palmetto
  Silver Meteor
  Silver Star"
Pauls Valley,PVL,Pauls Valley,OK,Heartland Flyer
Philadelphia 30th Street,PHL,Philadelphia,PA,"Acela
  Cardinal
  Carolinian
  Crescent
  Keystone Service
  Northeast Regional
  Palmetto
  Pennsylvanian
  Silver Meteor
  Silver Star
  Vermonter"
Philadelphia North,PHN,Philadelphia,PA,"Keystone Service
  Northeast Regional"
Picayune,PIC,Picayune,MS,Crescent
Pittsburgh ,PGH,Pittsburgh,PA,"Capitol Limited
  Pennsylvanian"
Pittsfield,PIT,Pittsfield,MA,Lake Shore Limited
Plano,PLO,Plano,IL,Illinois Zephyr and Carl Sandburg
Plattsburgh,PLB,Plattsburgh,NY,Adirondack
Pomona,POS,Pomona,CA,"Sunset Limited
  Texas Eagle"
Pontiac,PON,Pontiac,IL,"Lincoln Service
  Texas Eagle"
Pontiac,PNT,Pontiac,MI,Wolverine
Poplar Bluff,PBF,Poplar Bluff,MO,Texas Eagle
Port Henry,POH,Port Henry,NY,Adirondack
Port Huron,PTH,Port Huron,MI,Blue Water
Port Kent,PRK,Port Kent,NY,Adirondack
Portage,POG,Portage,WI,Empire Builder
Portland ,POR,Portland,ME,Downeaster
Portland ,PDX,Portland,OR,"Amtrak Cascades
  Coast Starlight
  Empire Builder"
Poughkeepsie,POU,Poughkeepsie,NY,"Adirondack
  Empire Service
  Ethan Allen Express
  Lake Shore Limited
  Maple Leaf"
Prince,PRC,Prince,WV,Cardinal
Princeton,PCT,Princeton,IL,"California Zephyr
  Illinois Zephyr and Carl Sandburg
  Southwest Chief"
Princeton Junction,PJC,West Windsor,NJ,"Keystone Service
  Northeast Regional
  Palmetto"
Providence,PVD,Providence,RI,"Acela
  Northeast Regional"
Provo,PRO,Provo,UT,California Zephyr
Purcell,PUR,Purcell,OK,Heartland Flyer
Quantico,QAN,Quantico,VA,"Carolinian
  Northeast Regional"
Quincy,QCY,Quincy,IL,Illinois Zephyr and Carl Sandburg
Raleigh Union,RGH,Raleigh,NC,"Carolinian
  Piedmont
  Silver Star"
Randolph,RPH,Randolph,VT,Vermonter
Rantoul,RTL,Rantoul,IL,Illini and Saluki
Raton,RAT,Raton,NM,Southwest Chief
Red Wing,RDW,Red Wing,MN,Empire Builder
Redding ,RDD,Redding,CA,Coast Starlight
Reno,RNO,Reno,NV,California Zephyr
Rensselaer,REN,Rensselaer,IN,Cardinal
Rhinecliff–Kingston,RHI,Rhinecliff,NY,"Adirondack
  Empire Service
  Ethan Allen Express
  Lake Shore Limited
  Maple Leaf"
Richmond,RIC,Richmond,CA,"California Zephyr
  Capitol Corridor
  San Joaquins"
Richmond Staples Mill Road ,RVR,Dumbarton,VA,"Carolinian
  Northeast Regional
  Palmetto
  Silver Meteor
  Silver Star"
Richmond Main Street ,RVM,Richmond,VA,Northeast Regional
Riverside,RIV,Riverside,CA,Southwest Chief
Roanoke ,RNK,Roanoke,VA,Northeast Regional
Rochester,ROC,Rochester,NY,"Empire Service
  Lake Shore Limited
  Maple Leaf"
Rocklin,RLN,Rocklin,CA,Capitol Corridor
Rocky Mount,RMT,Rocky Mount,NC,"Carolinian
  Palmetto
  Silver Meteor
  Silver Star"
Rockville,RKV,Rockville,MD,Capitol Limited
Rome,ROM,Rome,NY,"Empire Service
  Maple Leaf"
Roseville ,RSV,Roseville,CA,"California Zephyr
  Capitol Corridor"
Rouses Point,RSP,Rouses Point,NY,Adirondack
Royal Oak,ROY,Royal Oak,MI,Wolverine
Rugby,RUG,Rugby,ND,Empire Builder
Rutland,RUD,Rutland,VT,Ethan Allen Express
Saco–Biddeford,SAO,Saco,ME,Downeaster
Sacramento ,SAC,Sacramento,CA,"California Zephyr
  Capitol Corridor
  Coast Starlight
  San Joaquins"
Salem ,SLM,Salem,OR,"Amtrak Cascades
  Coast Starlight"
Salinas ,SNS,Salinas,CA,Coast Starlight
Salisbury,SAL,Salisbury,NC,"Carolinian
  Crescent
  Piedmont"
Salt Lake City,SLC,Salt Lake City,UT,California Zephyr
San Antonio,SAS,San Antonio,TX,"Sunset Limited
  Texas Eagle"
San Bernardino ,SNB,San Bernardino,CA,Southwest Chief
San Clemente Pier,SNP,San Clemente,CA,Pacific Surfliner
San Diego Old Town ,OLT,San Diego,CA,Pacific Surfliner
San Diego Santa Fe Depot ,SAN,San Diego,CA,Pacific Surfliner
San Jose Diridon ,SJC,San Jose,CA,"Capitol Corridor
  Coast Starlight"
San Juan Capistrano,SNC,San Juan Capistrano,CA,Pacific Surfliner
San Luis Obispo,SLO,San Luis Obispo,CA,"Coast Starlight
  Pacific Surfliner"
San Marcos,SMC,San Marcos,TX,Texas Eagle
Sanderson,SND,Sanderson,TX,"Sunset Limited
  Texas Eagle"
Sandpoint,SPT,Sandpoint,ID,Empire Builder
Sandusky,SKY,Sandusky,OH,"Capitol Limited
  Lake Shore Limited"
Sanford,SFA,Sanford,FL,Auto Train
Santa Ana ,SNA,Santa Ana,CA,Pacific Surfliner
Santa Barbara ,SBA,Santa Barbara,CA,"Coast Starlight
  Pacific Surfliner"
Santa Clara – Great America,GAC,Santa Clara,CA,Capitol Corridor
Santa Clara,SCC,Santa Clara,CA,Capitol Corridor
Saratoga Springs,SAR,Saratoga Springs,NY,"Adirondack
  Ethan Allen Express"
Savannah,SAV,Savannah,GA,"Palmetto
  Silver Meteor
  Silver Star"
Schenectady,SDY,Schenectady,NY,"Adirondack
  Empire Service
  Ethan Allen Express
  Lake Shore Limited
  Maple Leaf"
Schriever,SCH,Schriever,LA,Sunset Limited
Seattle King Street ,SEA,Seattle,WA,"Amtrak Cascades
  Coast Starlight
  Empire Builder"
Sebring,SBG,Sebring,FL,"Silver Meteor
  Silver Star"
Sedalia,SED,Sedalia,MO,Missouri River Runner
Selma,SSM,Selma,NC,"Carolinian
  Palmetto"
Shelby,SBY,Shelby,MT,Empire Builder
Simi Valley,SIM,Simi Valley,CA,"Coast Starlight
  Pacific Surfliner"
Slidell,SDL,Slidell,LA,Crescent
Solana Beach,SOL,Solana Beach,CA,Pacific Surfliner
South Bend,SOB,South Bend,IN,"Capitol Limited
  Lake Shore Limited"
South Portsmouth–South Shore,SPM,South Shore,KY,Cardinal
Southern Pines,SOP,Southern Pines,NC,Silver Star
Spartanburg,SPB,Spartanburg,SC,Crescent
Spokane,SPK,Spokane,WA,Empire Builder
Springfield,SPI,Springfield,IL,"Lincoln Service
  Texas Eagle"
Springfield,SPG,Springfield,MA,"Hartford Line
  Lake Shore Limited
  Northeast Regional
  Valley Flyer
  Vermonter"
St. Albans,SAB,St. Albans,VT,Vermonter
St. Catharines,SCA,St. Catherines,ON,Maple Leaf
St. Cloud,SCD,St. Cloud,MN,Empire Builder
St. Joseph–Benton Harbor,SJM,St. Joseph,MI,Pere Marquette
Saint-Lambert,SLQ,Saint-Lambert,QC,Adirondack
St. Louis Gateway ,STL,St. Louis,MO,"Lincoln Service
  Missouri River Runner
  Texas Eagle"
St. Paul - Minneapolis Union,MSP,St. Paul,MN,Empire Builder
Stamford,STM,Stamford,CT,"Acela
  Northeast Regional
  Vermonter"
Stanley,STN,Stanley,ND,Empire Builder
Stanwood,STW,Stanwood,WA,Amtrak Cascades
Staples,SPL,Staples,MN,Empire Builder
Staunton,STA,Staunton,VA,Cardinal
Stockton Downtown ,SKT,Stockton,CA,San Joaquins
Stockton San Joaquin Street,SKN,Stockton,CA,San Joaquins
Sturtevant,SVT,Sturtevant,WI,Hiawatha Service
Suisun–Fairfield,SUI,Suisun City,CA,Capitol Corridor
Summit,SMT,Summit,IL,Lincoln Service
Syracuse,SYR,Syracuse,NY,"Empire Service
  Lake Shore Limited
  Maple Leaf"
Tacoma Dome,TAC,Tacoma,WA,"Amtrak Cascades
  Coast Starlight"
Tampa,TPA,Tampa,FL,Silver Star
Taylor,TAY,Taylor,TX,Texas Eagle
Temple ,TPL,Temple,TX,Texas Eagle
Texarkana,TXA,Texarkana,AR,Texas Eagle
Thurmond,THN,Thurmond,WV,Cardinal
Ticonderoga,FTC,Ticonderoga,NY,Adirondack
Toccoa,TCA,Toccoa,GA,Crescent
Toledo,TOL,Toledo,OH,"Capitol Limited
  Lake Shore Limited"
Tomah,TOH,Tomah,WI,Empire Builder
Topeka,TOP,Topeka,KS,Southwest Chief
Toronto Union,TWO,Toronto,ON,Maple Leaf
Trenton,TRE,Trenton,NJ,"Acela
  Cardinal
  Carolinian
  Crescent
  Keystone Service
  Northeast Regional
  Palmetto
  Pennsylvanian
  Silver Meteor
  Silver Star
  Vermonter"
Trinidad,TRI,Trinidad,CO,Southwest Chief
Troy,TRM,Troy,MI,Wolverine
Truckee ,TRU,Truckee,CA,California Zephyr
Tucson,TUS,Tucson,AZ,"Sunset Limited
  Texas Eagle"
Tukwila,TUK,Tukwila,WA,Amtrak Cascades
Turlock–Denair,TRK,Denair,CA,San Joaquins
Tuscaloosa,TCL,Tuscaloosa,AL,Crescent
Tyrone ,TYR,Tyrone,PA,Pennsylvanian
Utica,UCA,Utica,NY,"Empire Service
  Lake Shore Limited
  Maple Leaf"
Van Nuys ,VNC,Van Nuys,CA,"Coast Starlight
  Pacific Surfliner"
Vancouver Pacific Central,VAC,Vancouver,BC,Amtrak Cascades
Vancouver,VAN,Vancouver,WA,"Amtrak Cascades
  Coast Starlight
  Empire Builder"
Ventura ,VEC,Ventura,CA,Pacific Surfliner
Victorville,VRV,Victorville,CA,Southwest Chief
Wallingford,WFD,Wallingford,CT,"Hartford Line
  Northeast Regional
  Valley Flyer"
Walnut Ridge,WNR,Walnut Ridge,AR,Texas Eagle
Warrensburg,WAR,Warrensburg,MO,Missouri River Runner
Wasco,WAC,Wasco,CA,San Joaquins
Washington Union ,WAS,Washington,DC,"Acela
  Capitol Limited
  Cardinal
  Carolinian
  Crescent
  Northeast Regional
  Palmetto
  Silver Meteor
  Silver Star
  Vermonter"
Washington,WAH,Washington,MO,Missouri River Runner
Waterbury–Stowe,WAB,Waterbury,VT,Vermonter
Waterloo,WTI,Waterloo,IN,"Capitol Limited
  Lake Shore Limited"
Wells,WEM,Wells,ME,Downeaster
Wenatchee ,WEN,Wenatchee,WA,Empire Builder
West Glacier,WGL,West Glacier,MT,Empire Builder
West Palm Beach,WPB,West Palm Beach,FL,"Silver Meteor
  Silver Star"
Westerly,WLY,Westerly,RI,Northeast Regional
Westport,WSP,Westport,NY,Adirondack
Westwood–Route 128,RTE,Westwood,MA,"Acela
  Northeast Regional"
White River Junction,WRJ,White River Junction,VT,Vermonter
White Sulphur Springs,WSS,White Sulfur Springs,WV,Cardinal
Whitefish,WFH,Whitefish,MT,Empire Builder
Whitehall,WHL,Whitehall,NY,Adirondack
Williamsburg,WBG,Williamsburg,VA,Northeast Regional
Williston,WTN,Williston,ND,Empire Builder
Wilmington,WIL,Wilmington,DE,"Acela
  Cardinal
  Carolinian
  Crescent
  Northeast Regional
  Palmetto
  Silver Meteor
  Silver Star
  Vermonter"
Wilson ,WLN,Wilson,NC,"Carolinian
  Palmetto"
Windsor,WND,Windsor,CT,"Hartford Line
  Northeast Regional
  Valley Flyer"
Windsor–Mt. Ascutney,WNM,Windsor,VT,Vermonter
Windsor Locks,WNL,Windsor Locks,CT,"Hartford Line
  Northeast Regional
  Valley Flyer
  Vermonter"
Winnemucca,WNN,Winnemucca,NV,California Zephyr
Winona ,WIN,Winona,MN,Empire Builder
Winslow,WLO,Winslow,AZ,Southwest Chief
Winter Haven,WTH,Winter Haven,FL,"Silver Meteor
  Silver Star"
Winter Park Resort,WPR,Winter Park,CO,Winter Park Express
Winter Park,WPK,Winter Park,FL,"Silver Meteor
  Silver Star"
Wisconsin Dells,WDL,Wisconsin Dells,WI,Empire Builder
Wishram,WIH,Wishram,WA,Empire Builder
Woburn–Anderson,WOB,Woburn,MA,Downeaster
Wolf Point,WPT,Wolf Point,MT,Empire Builder
Woodbridge,WDB,Woodbridge,VA,Northeast Regional
Worcester,WOR,Worcester,MA,Lake Shore Limited
Yazoo City,YAZ,Yazoo City,MS,City of New Orleans
Yemassee,YEM,Yemassee,SC,"Palmetto
  Silver Meteor"
Yonkers,YNY,Yonkers,NY,"Adirondack
  Empire Service
  Ethan Allen Express
  Maple Leaf"
Yuma,YUM,Yuma,AZ,"Sunset Limited
  Texas Eagle"